"","Var","v.test","Mean.in.category","Overall.mean","p.value"
"2","temp",29.0627693237547,16.0504870093641,12.6229046655487,1.06133979969915e-185
"17","Poor.physical.health.days",24.0968632591481,4.53820652173913,3.80712909441233,2.6963380632714e-128
"19","Republicans.2016",23.6003968881236,73.8021900519674,63.5966680742065,3.81811752044189e-123
"25","Uninsured",21.2850566403866,0.210922826086957,0.179094412331407,1.56158198328845e-100
"30","Construction.extraction.maintenance.and.repair.occupations",17.836810301879,13.1817934782609,11.5189466923571,3.66001128654571e-71
"43","Children.in.single.parent.households",4.79116388012239,0.329485869565217,0.315802825947335,1.65816617861273e-06
"72","Total.Population",-5.81344905051921,47497.8510869565,97754.0353243417,6.11986042314957e-09
"94","Green.2016",-17.8374565895098,0.554727473594565,0.849871078009473,3.61793095847895e-71
"97","Libertarians.2016",-20.4706895616264,2.3033785719163,3.16345514580845,3.93020018758832e-93
