"","Var","v.test","Mean.in.category","Overall.mean","p.value"
"2","Total.Population",34.7160421099986,1547092.58181818,97754.0353243417,4.51250935248211e-264
"5","Freq",29.5078553995268,26.2,2.78998073217726,2.28278126482728e-191
"6","HIV.prevalence.rate",24.5540346912756,815.847272727273,149.192886962107,3.91646003212446e-133
"8","RenterOccupied",18.7957744687366,0.46846043743992,0.276607515447766,8.17776692773041e-79
"19","At.Least.Bachelors.s.Degree",12.3531626772933,33.2781818181818,18.9951348747592,4.68334081662262e-35
"33","Children.in.single.parent.households",6.38955661324816,0.403927272727273,0.315802825947335,1.66367436663685e-10
"76","Median.Age",-8.28935846355218,34.5,39.9027617212588,1.13860914721595e-16
